url,name,views,rating,source
http://porny.cz/2017/02/01/lahodna-teen-si-to-udela-na-gauci/,"LAHODNÁ TEEN SI TO UDĚLÁ NA GAUČI",1,0%,file-amaterske-1.html
http://porny.cz/2016/11/13/asijska-devka-na-kamere/,"Asijská děvka na kameře",62,0%,file-amaterske-10.html
http://porny.cz/2016/11/11/krev-a-mleko-cernovlaska/,"Krev a mléko, černovláska",83,0%,file-amaterske-11.html
http://porny.cz/2016/11/06/rychly-prachy-ohne-brunetku-v-aute/,"Rychlý prachy, ohne brunetku v autě",85,0%,file-amaterske-12.html
http://porny.cz/2016/11/05/domaci-soustanicko/,"DOMÁCÍ ŠOUSTANÍČKO",68,0%,file-amaterske-13.html
http://porny.cz/2016/11/02/19-leta-turistka-se-necha-oprcat/,"19 letá turistka se nechá oprcat",68,0%,file-amaterske-14.html
http://porny.cz/2016/10/30/agent-odchyti-turistku/,"Agent odchytí turistku",107,0%,file-amaterske-15.html
http://porny.cz/2016/10/30/ceska-holka-a-jeji-prvni-lesbicka-zkusenost/,"Česká holka a její první lesbická zkušenost",78,0%,file-amaterske-16.html
http://porny.cz/2016/10/28/latinsko-americka-teen-kundicka/,"LATINSKO-AMERICKÁ TEEN, KUNDIČKA",102,100%,file-amaterske-17.html
http://porny.cz/2017/01/20/okouzlujici-brunetka-na-castingu/,"OKOUZLUJÍCÍ BRUNETKA NA CASTINGU",29,0%,file-amaterske-2.html
http://porny.cz/2016/12/27/muz-svlekne-asiatku-ve-vlaku/,"MUŽ SVLÉKNE ASIATKU VE VLAKU",101,0%,file-amaterske-3.html
http://porny.cz/2016/12/18/devka-ho-dostane-do-prdele-za-penize/,"HEZKÁ CIKÁNKA ŠLAPE ZA PENÍZE",328,66%,file-amaterske-4.html
http://porny.cz/2016/12/15/cesky-casting-eva-7694/,"ČESKÝ CASTING – EVA (7694)",83,0%,file-amaterske-5.html
http://porny.cz/2016/12/13/cesky-casting-nikola-3462/,"ČESKÝ CASTING – NIKOLA (3462)",69,0%,file-amaterske-6.html
http://porny.cz/2016/11/24/sexy-blondynka-na-vysetreni/,"SEXY blondýnka na vyšetření",208,100%,file-amaterske-7.html
http://porny.cz/2016/11/23/latina-skolacka-fouka-velky-pero/,"Latina školačka fouká velký péro",66,0%,file-amaterske-8.html
http://porny.cz/2016/11/14/latino-lesbicky-sex-69/,"Latino lesbický sex 69",94,100%,file-amaterske-9.html
http://porny.cz/2017/02/01/porno-pro-zeny/,"PORNO PRO ŽENY",2,0%,file-analni-1.html
http://porny.cz/2017/01/18/analni-sex-u-sportovniho-vozu/,"ANÁLNÍ SEX U SPORTOVNÍHO VOZU",23,0%,file-analni-2.html
http://porny.cz/2016/12/22/elegantni-holka-s-dvema-penisy/,"ELEGANTNÍ HOLKA S DVĚMA PENISY",59,0%,file-analni-3.html
http://porny.cz/2016/12/16/tvrdy-penis-v-zadku/,"TVRDÝ PENIS V ZADKU",95,0%,file-analni-4.html
http://porny.cz/2016/10/28/strci-prst-analu-nejen/,"STRČÍ JI PRST DO ANÁLU A NEJEN TO",69,0%,file-analni-5.html
http://porny.cz/2017/01/25/bangkok-hneda-holka-chce-sex-za-penize/,"Bangkok, Hnědá Holka Chce Sex za Peníze",14,0%,file-asiatky-1.html
http://porny.cz/2016/11/13/po-domacky-vymrda-asiatku/,"Po domácky vymrdá asiatku",62,0%,file-asiatky-2.html
http://porny.cz/2016/10/28/asijska-kundicka-fetish/,"Asijská kundička fetish",73,0%,file-asiatky-3.html
http://porny.cz/2017/02/01/modrooka-blondynka-a-jeji-buchticka/,"MODROOKÁ BLONDÝNKA A JEJÍ BUCHTIČKA",1,0%,file-blondynky-1.html
http://porny.cz/2016/10/30/presvedcil-mladou-cubku-k-sexu/,"přesvědčil mladou čubku k sexu",505,0%,file-blondynky-10.html
http://porny.cz/2016/10/28/lekar-sefova-sexy-zena/,"LÉKAŘ A JEHO ŠÉFOVÁ SEXY ŽENA",71,0%,file-blondynky-11.html
http://porny.cz/2017/01/25/18-let-teen-jeji-poprve-sex/,"18 let teen, její poprvé, sex ..",14,0%,file-blondynky-2.html
http://porny.cz/2017/01/08/dve-mladounke-krasotinky-se-navzajem-ojedou/,"DVĚ MLADOUNKÉ KRASOTINKY SE NAVZÁJEM OJEDOU",218,100%,file-blondynky-3.html
http://porny.cz/2016/12/26/cesky-casting-katka-2119/,"ČESKÝ CASTING – KATKA (2119)",118,0%,file-blondynky-4.html
http://porny.cz/2016/12/20/sestrih-kurby-zen/,"SESTŘIH KUŘBY ŽEN",39,0%,file-blondynky-5.html
http://porny.cz/2016/12/16/tvrdy-penis-v-zadku/,"TVRDÝ PENIS V ZADKU",95,0%,file-blondynky-6.html
http://porny.cz/2016/11/24/mlada-buchta-v-solarku/,"Mladá buchta v solárku",87,0%,file-blondynky-7.html
http://porny.cz/2016/11/12/ceske-kocicky-se-krasne-lesbi/,"České kočičky se krasně lesbí",82,0%,file-blondynky-8.html
http://porny.cz/2016/11/03/falesny-doktor-ojede-dospivajici/,"falešný doktor ojede dospivající",71,0%,file-blondynky-9.html
http://porny.cz/2017/02/01/lekar-diagnostikuje-hyperspermie/,"LÉKAŘ DIAGNOSTIKUJE HYPERSPERMIE",0,0%,file-cerni-lide-1.html
http://porny.cz/2016/11/14/latino-lesbicky-sex-69/,"Latino lesbický sex 69",94,100%,file-cerni-lide-2.html
http://porny.cz/2016/11/05/cernoska-pokouri-curaka-pres-zabranu/,"ČERNOŠKA POKOUŘÍ ČURÁKA PŘES ZÁBRANU",61,0%,file-cerni-lide-3.html
http://porny.cz/2017/02/01/mlada-brunetka-na-castingu/,"MLADÁ BRUNETKA NA CASTINGU",1,0%,file-ceske-porno-1.html
http://porny.cz/2016/10/30/agent-odchyti-turistku/,"Agent odchytí turistku",107,0%,file-ceske-porno-10.html
http://porny.cz/2016/10/30/ceska-holka-a-jeji-prvni-lesbicka-zkusenost/,"Česká holka a její první lesbická zkušenost",78,0%,file-ceske-porno-11.html
http://porny.cz/2016/12/26/cesky-casting-sandra-4250/,"ČESKÝ CASTING – SANDRA (4250)",129,0%,file-ceske-porno-2.html
http://porny.cz/2016/12/19/ceska-prostitutka-v-akci/,"ČESKÁ PROSTITUTKA V AKCI",117,0%,file-ceske-porno-3.html
http://porny.cz/2016/12/15/ceska-amaterka-ojede-svoji-pritelkyni/,"ČESKÁ AMATÉRKA – OJEDE SVOJI PŘÍTELKYNI",122,0%,file-ceske-porno-4.html
http://porny.cz/2016/12/13/ceske-amaterske-nikola-martin/,"ČESKÉ AMATÉRSKÉ – NIKOLA & MARTIN",91,0%,file-ceske-porno-5.html
http://porny.cz/2016/11/24/zrzka-a-blonska-se-zhave-miluji/,"Zrzka a blonska se žhavě milují",131,0%,file-ceske-porno-6.html
http://porny.cz/2016/11/12/lesbicka-agentka-si-to-rozda-s-divkou/,"Lesbická agentka si to rozdá s dívkou",76,0%,file-ceske-porno-7.html
http://porny.cz/2016/11/07/lesbicky-s-chlupatou-kocickou/,"Lesbičky s chlupatou kočičkou",117,0%,file-ceske-porno-8.html
http://porny.cz/2016/11/03/pacientka-potrebuje-v-nemocnice-davku-od-lekare/,"Pacientka potřebuje v nemocnice dávku od lékaře",69,0%,file-ceske-porno-9.html
http://porny.cz/2017/01/16/prirodni-teenka-osukana/,"PŘÍRODNÍ TEENKA OŠUKÁNA",62,0%,file-chlupate-1.html
http://porny.cz/2016/11/06/doktor-ohne-blondatou-pacientku/,"Doktor ohne blondatou pacientku",92,0%,file-chlupate-2.html
http://porny.cz/2017/01/25/18-let-mlada-kurva-doma-poprve-na-kameru/,"18 let mladá kurva doma poprvé na kameru",10,0%,file-domaci-1.html
http://porny.cz/2016/12/12/domaci-soustanicko-2/,"DOMÁCÍ ŠOUSTÁNIČKO",113,0%,file-domaci-2.html
http://porny.cz/2017/02/01/sladke-kote-si-hraje-sama-se-sebou/,"SLADKÉ KOTĚ SI HRAJE SAMA SE SEBOU",1,0%,file-dospivajiciteen-1.html
http://porny.cz/2016/12/19/teenka-to-ma-rada-trochu-neobvykle/,"TEENKA TO MÁ RÁDA TROCHU NEOBVYKLE",62,0%,file-dospivajiciteen-10.html
http://porny.cz/2016/12/16/bruneta-v-praci-casting/,"BRUNETA V PRÁCI, CASTING",66,0%,file-dospivajiciteen-11.html
http://porny.cz/2016/12/15/cesky-casting-andrea-7692/,"ČESKÝ CASTING -ANDREA (7692)",74,0%,file-dospivajiciteen-12.html
http://porny.cz/2016/12/13/cesky-casting-nikola-3462/,"ČESKÝ CASTING – NIKOLA (3462)",69,0%,file-dospivajiciteen-13.html
http://porny.cz/2016/12/09/otrocky-trest-ve-snehu-pro-prsatou-mladou-otrokyni/,"Otrocký trest ve sněhu pro prsatou mladou otrokyni",94,0%,file-dospivajiciteen-14.html
http://porny.cz/2016/11/23/krasna-18-let-latina-osukana-velky-curakem/,"Krásná 18 let Latina ošukána velký čurákem",89,0%,file-dospivajiciteen-15.html
http://porny.cz/2016/11/14/cernoske-teen-lesbicky-s-robertky/,"Černošké teen lesbičky s robertky",76,0%,file-dospivajiciteen-16.html
http://porny.cz/2016/11/13/piknik-a-sex-s-mladou-divkou/,"Piknik a sex s mladou dívkou",75,0%,file-dospivajiciteen-17.html
http://porny.cz/2016/11/12/britske-kote-kouri-curaka/,"Britské kotě kouří čuráka",81,0%,file-dospivajiciteen-18.html
http://porny.cz/2016/11/07/nadherne-lesbicky-si-pohravaji-mezi-sobou/,"Nádherné lesbičky si pohrávají mezi sobou",77,0%,file-dospivajiciteen-19.html
http://porny.cz/2017/01/25/18-let-mlada-kurva-doma-poprve-na-kameru/,"18 let mladá kurva doma poprvé na kameru",10,0%,file-dospivajiciteen-2.html
http://porny.cz/2016/11/05/latinska-teen-saje/,"LATINSKÁ TEEN SAJE",56,0%,file-dospivajiciteen-20.html
http://porny.cz/2016/11/03/ceska-holka-prozije-orgasmus-v-lese/,"Česká holka prožije orgasmus v lese",91,0%,file-dospivajiciteen-21.html
http://porny.cz/2016/10/31/skutecne-ceska-stoparka-kouri-a-suka/,"Skutečně Česká stopařka kouří a šuká",100,0%,file-dospivajiciteen-22.html
http://porny.cz/2016/10/30/lekarske-skryta-kamera-prefikne-sestricku/,"Lékařské skrytá kamera , přefikne sestřičku",74,0%,file-dospivajiciteen-23.html
http://porny.cz/2016/10/29/zabava-s-robertkem-na-plazi/,"ZÁBAVA S ROBERTKEM NA PLÁŽI",82,0%,file-dospivajiciteen-24.html
http://porny.cz/2016/10/28/asiate-osukaji-skolacku/,"asiaté ošukají školačku",81,0%,file-dospivajiciteen-25.html
http://porny.cz/2017/01/25/luba-shumeyko-ukrajinska-pornstar-v-18-rok-stary/,"Luba Shumeyko – ukrajinská PornStar v 18 rok starý",12,0%,file-dospivajiciteen-3.html
http://porny.cz/2017/01/20/okouzlujici-brunetka-na-castingu/,"OKOUZLUJÍCÍ BRUNETKA NA CASTINGU",29,0%,file-dospivajiciteen-4.html
http://porny.cz/2017/01/16/milovani-v-zahrade-se-stihlou-kundickou/,"MILOVÁNÍ V ZAHRADĚ SE ŠTÍHLOU KUNDIČKOU",36,0%,file-dospivajiciteen-5.html
http://porny.cz/2017/01/08/mlada-blondynka-opet-radne-osukana/,"Mladá blondýnka opět řádně ošukána",67,0%,file-dospivajiciteen-6.html
http://porny.cz/2016/12/26/cesky-gangbang-orgie-mlada-kraska-se-necha-opichat/,"ČESKÝ GANGBANG ORGIE, MLADÁ KRÁSKA SE NECHÁ OPÍCHAT",217,0%,file-dospivajiciteen-7.html
http://porny.cz/2016/12/22/hezka-cikanka-sousta-v-aute-za-prachy/,"HEZKÁ CIKÁNKA ŠOUSTÁ V AUTĚ ZA PRACHY",475,100%,file-dospivajiciteen-8.html
http://porny.cz/2016/12/20/dve-lesbicky-si-hraji-mezi-sebou/,"dvě lesbičky si hrají mezi sebou",61,0%,file-dospivajiciteen-9.html
http://porny.cz/2017/02/01/mlada-brunetka-na-castingu/,"MLADÁ BRUNETKA NA CASTINGU",1,0%,file-fake-casting-taxi-a-dalsi-1.html
http://porny.cz/2016/12/22/ceska-devka-ho-dostane-do-prdele-v-aute/,"ČESKÁ DĚVKA HO DOSTANE DO PRDELE V AUTĚ",179,0%,file-fake-casting-taxi-a-dalsi-2.html
http://porny.cz/2016/12/13/cesky-casting-michaela-3499/,"ČESKÝ CASTING – MICHAELA (3499)",62,0%,file-fake-casting-taxi-a-dalsi-3.html
http://porny.cz/2016/11/15/evropsky-casting-s-mentorem-zlato/,"Evropský casting s mentorem, zlato",72,0%,file-fake-casting-taxi-a-dalsi-4.html
http://porny.cz/2016/11/09/cernovlaska-na-fake-castingu/,"Černovlaska na fake castingu",61,0%,file-fake-casting-taxi-a-dalsi-5.html
http://porny.cz/2016/11/06/po-kurbe-bude-souloz/,"Po kuřbě bude soulož",65,0%,file-fake-casting-taxi-a-dalsi-6.html
http://porny.cz/2016/11/01/lesbicka-skryta-kamera-a-zabava-v-taxiku/,"lesbická skrytá kamera a zábava v taxíku",75,0%,file-fake-casting-taxi-a-dalsi-7.html
http://porny.cz/2016/10/30/lesbicka-trojka-s-agentem/,"Lesbická trojka s agentem",87,0%,file-fake-casting-taxi-a-dalsi-8.html
http://porny.cz/2017/02/01/porno-pro-zeny/,"PORNO PRO ŽENY",2,0%,file-fetish-hard-porno-1.html
http://porny.cz/2017/01/20/lesby-jako-fisting/,"LESBY JAKO FISTING",23,0%,file-fetish-hard-porno-2.html
http://porny.cz/2017/01/14/prefikne-asiatku/,"PŘEFIKNE ASIATKU",40,0%,file-fetish-hard-porno-3.html
http://porny.cz/2016/12/28/divku-osuka-medvidek/,"DÍVKU OŠUKÁ MEDVÍDEK",68,0%,file-fetish-hard-porno-4.html
http://porny.cz/2016/12/20/napusteny-a-naolejovany-zadek/,"NAPUŠTĚNý A NAOLEJOVANÝ ZADEK",55,0%,file-fetish-hard-porno-5.html
http://porny.cz/2016/12/19/teenka-to-ma-rada-trochu-neobvykle/,"TEENKA TO MÁ RÁDA TROCHU NEOBVYKLE",62,0%,file-fetish-hard-porno-6.html
http://porny.cz/2016/12/15/pekny-kote-s-sexy-oblekem/,"PĚKNÝ KOTĚ S SEXY OBLEKEM",74,0%,file-fetish-hard-porno-7.html
http://porny.cz/2016/10/29/jeji-tesna-kunda-me-udela-rychle/,"JEJÍ TĚSNÁ KUNDA MĚ UDĚLÁ RYCHLE",105,0%,file-fetish-hard-porno-8.html
http://porny.cz/2017/02/01/sladke-kote-si-hraje-sama-se-sebou/,"SLADKÉ KOTĚ SI HRAJE SAMA SE SEBOU",1,0%,file-full-hd-videa-1.html
http://porny.cz/2016/12/16/dve-lesbicky-si-se-sebou-pohrajou/,"DVĚ LESBIČKY SI SE SEBOU POHRAJOU",60,0%,file-full-hd-videa-10.html
http://porny.cz/2016/12/16/hardcore-analni-sex-s-mladou-brunetkou/,"HARDCORE ANÁLNÍ SEX S MLADOU BRUNETKOU",60,0%,file-full-hd-videa-11.html
http://porny.cz/2017/01/30/to-nejlepsi-z-mrdacek/,"TO NEJLEPŠÍ Z MRDAČEK",4,0%,file-full-hd-videa-2.html
http://porny.cz/2017/01/20/hezka-natali-poprve-se-dvema-curaky/,"HEZKÁ NATALI POPRVÉ SE DVĚMA ČURÁKY",17,0%,file-full-hd-videa-3.html
http://porny.cz/2017/01/17/isabelin-pritel-je-skvely-milenec/,"ISABELIN PŘÍTEL JE SKVĚLÝ MILENEC",31,0%,file-full-hd-videa-4.html
http://porny.cz/2017/01/16/sexy-otrokyne-dostane-na-zedek/,"SEXY OTROKYNĚ DOSTANE NA ZEDEK",27,0%,file-full-hd-videa-5.html
http://porny.cz/2017/01/08/podiva-se-mlade-blondynce-pod-sukni/,"PODÍVÁ SE MLADÉ BLONDÝNCE POD SUKNI",64,0%,file-full-hd-videa-6.html
http://porny.cz/2017/01/08/mladinka-teenka-uspokojena-na-posteli/,"Mladinká teenka uspokojená na posteli",60,0%,file-full-hd-videa-7.html
http://porny.cz/2016/12/20/muz-si-hraje-s-nohami-zeny/,"MUŽ SI HRAJE S NOHAMI ŽENY",61,0%,file-full-hd-videa-8.html
http://porny.cz/2016/12/20/sestrih-kurby-zen/,"SESTŘIH KUŘBY ŽEN",39,0%,file-full-hd-videa-9.html
http://porny.cz/2017/01/06/dva-gayove-maji-hezky-sex/,"DVA GAYOVÉ MAJÍ HEZKÝ SEX",25,0%,file-gay-porno-1.html
http://porny.cz/2016/12/18/analni-sex-po-koureni/,"ANÁLNÍ SEX PO KOUŘENÍ",48,0%,file-gay-porno-2.html
http://porny.cz/2016/11/13/gay-muz-aj-dostane-pero/,"Gay muž AJ Dostane Péro",57,0%,file-gay-porno-3.html
http://porny.cz/2016/10/28/prdel-zatimco-on-stoji-za-prd/,"PRDEL, ZATÍMCO CO ON STOJÍ ZA PRD",67,0%,file-gay-porno-4.html
http://porny.cz/2017/01/25/nadrzena-perverzni-teen-kunda/,"Nadržená perverzní teen kunda",14,0%,file-hd-videa-1.html
http://porny.cz/2016/11/12/stihla-mlada-kocicka-na-fake-castingu/,"Štíhlá mladá kočička na fake castingu",88,0%,file-hd-videa-10.html
http://porny.cz/2016/11/09/dve-blondate-lesbicky-v-akci/,"Dvě blondaté lesbičky v akci",67,0%,file-hd-videa-11.html
http://porny.cz/2016/11/06/doktor-ohne-blondatou-pacientku/,"Doktor ohne blondatou pacientku",92,0%,file-hd-videa-12.html
http://porny.cz/2016/11/05/zhave-cokoladky-v-lesbicke-akci/,"ŽHAVÉ ČOKOLÁDKY V LESBICKÉ AKCI",62,0%,file-hd-videa-13.html
http://porny.cz/2016/11/03/falesny-doktor-ojede-dospivajici/,"falešný doktor ojede dospivající",71,0%,file-hd-videa-14.html
http://porny.cz/2016/11/01/skutecne-odlita-euro-sani-ptaka-pred-soulozi/,"Skutečné odlita euro sání ptáka před souloží",89,0%,file-hd-videa-15.html
http://porny.cz/2016/10/30/prsata-pacientka-dostane-nalozeno/,"Prsatá pacientka dostane naloženo",76,0%,file-hd-videa-16.html
http://porny.cz/2016/10/30/lekarske-fetis-doktor-suka-novou-lekarku/,"Lékařské fetiš doktor šuká novou lékařku",154,0%,file-hd-videa-17.html
http://porny.cz/2016/10/29/skandal-korejsky-domaci-video-2/,"SKANDÁL KOREJSKÝ DOMÁCÍ VIDEO 2",102,0%,file-hd-videa-18.html
http://porny.cz/2016/10/28/dve-lesbicky-si-hraji-loznici/,"DVĚ LESBIČKY SI HRÁJÍ V LOŽNICI",73,0%,file-hd-videa-19.html
http://porny.cz/2016/12/26/ceska-domaci-jebacka-mladeho-paru/,"ČESKÁ DOMÁCÍ JEBAČKA MLADÉHO PÁRU",128,0%,file-hd-videa-2.html
http://porny.cz/2016/12/19/sukaci-robot-v-akci/,"ŠUKACÍ ROBOT V AKCI",57,0%,file-hd-videa-3.html
http://porny.cz/2016/12/15/cesky-casting-lucie-7736/,"ČESKÝ CASTING – LUCIE (7736)",69,0%,file-hd-videa-4.html
http://porny.cz/2016/12/13/ceske-amaterske-nikola-martin/,"ČESKÉ AMATÉRSKÉ – NIKOLA & MARTIN",91,0%,file-hd-videa-5.html
http://porny.cz/2016/12/09/teenka-ho-dostane-do-kundy/,"Teenka ho dostane do kundy",75,0%,file-hd-videa-6.html
http://porny.cz/2016/11/23/sexy-blondynka-masturbuje/,"Sexy blondýnka masturbuje",90,0%,file-hd-videa-7.html
http://porny.cz/2016/11/15/sestra-prefyknuta-lekarem/,"Sestra přefyknutá lekařem",67,0%,file-hd-videa-8.html
http://porny.cz/2016/11/14/prsata-diamond-kitty-tre-svoji-mokrou-picu/,"Prsatá Diamond Kitty tře svoji mokrou píču",67,0%,file-hd-videa-9.html
http://porny.cz/2017/01/25/18-leta-dospivajici-blondynka-kouri-kokota/,"18 letá dospívající blondýnka kouří kokota",7,0%,file-jen-18-let-teen-1.html
http://porny.cz/2017/01/25/18-let-stara-brenda-se-sprchuje/,"18 let stará Brenda se sprchuje.",15,0%,file-jen-18-let-teen-2.html
http://porny.cz/2017/02/01/rusovlasa-divka-ma-arzenal-hracek/,"RUSOVLÁSÁ DÍVKA MÁ ARZENÁL HRAČEK",0,0%,file-latinske-zeny-1.html
http://porny.cz/2016/11/14/latino-lesbicky-sex-69/,"Latino lesbický sex 69",94,100%,file-latinske-zeny-2.html
http://porny.cz/2016/11/13/nadrzena-devka-mia-austin-chce-jeji-kundu/,"Nadržená děvka, Mia Austin chce její kundu",66,0%,file-latinske-zeny-3.html
http://porny.cz/2017/02/01/mlada-brunetka-na-castingu/,"MLADÁ BRUNETKA NA CASTINGU",1,0%,file-lesbicky-1.html
http://porny.cz/2016/12/16/2-lesbicky-v-akci/,"2 LESBIČKY V AKCI",55,0%,file-lesbicky-2.html
http://porny.cz/2016/11/11/romanticke-lesbicky-si-do-kundicky-strci-umely-penis/,"Romantické lesbičky si do kundičky strčí umělý penis",85,0%,file-lesbicky-3.html
http://porny.cz/2016/10/30/mlade-holky-si-uzivaji-ne-jen-nakupy/,"mladé holky si užívají ne jen nákupy",67,0%,file-lesbicky-4.html
http://porny.cz/2017/01/30/obrovske-cerne-penetrator-v-akci/,"OBROVSKÉ ČERNÉ PENETRATOR V AKCI",6,0%,file-mala-prsa-1.html
http://porny.cz/2017/01/14/v-koupelne-s-cernym-curakem/,"V KOUPELNĚ S ČERNÝM ČURÁKEM",67,0%,file-mala-prsa-2.html
http://porny.cz/2016/12/16/hardcore-analni-sex-s-mladou-brunetkou/,"HARDCORE ANÁLNÍ SEX S MLADOU BRUNETKOU",60,0%,file-mala-prsa-3.html
http://porny.cz/2016/11/06/cesky-muz-na-castingu/,"Český muž na castingu",110,0%,file-mala-prsa-4.html
http://porny.cz/2017/02/01/sladke-kote-si-hraje-sama-se-sebou/,"SLADKÉ KOTĚ SI HRAJE SAMA SE SEBOU",1,0%,file-masturbace-1.html
http://porny.cz/2017/01/18/masturbace-na-lince/,"MASTURBACE NA LINCE",36,0%,file-masturbace-2.html
http://porny.cz/2016/12/16/krasna-dama-stimuluje-svoji-mokrou-picu/,"KRÁSNÁ DÁMA, STIMULUJE SVOJI MOKROU PÍČU",64,0%,file-masturbace-3.html
http://porny.cz/2016/11/14/nadrzena-cerna-kolumbijska-kocicka-ukazuje-se-naha/,"Nadržená černá kolumbijská kočička ukazuje se nahá",67,0%,file-masturbace-4.html
http://porny.cz/2016/11/05/asijska-kraska-s-dildem-v-kunde/,"ASIJSKÁ KRÁSKA S DILDEM V KUNDĚ",58,0%,file-masturbace-5.html
http://porny.cz/2016/01/14/rekla-byla-jsem/,"Řekla „byla jsem ..“",33,0%,file-nezarazene-1.html
http://porny.cz/2017/02/01/mlada-brunetka-na-castingu/,"MLADÁ BRUNETKA NA CASTINGU",1,0%,file-oralni-sex-1.html
http://porny.cz/2016/10/29/pekne-domaci-porno-sukacka/,"PĚKNÉ DOMÁCÍ PORNO ŠUKAČKA",153,100%,file-oralni-sex-10.html
http://porny.cz/2017/01/20/drsny-sex-se-zenou/,"DRSNÝ SEX SE ŽENOU",22,0%,file-oralni-sex-2.html
http://porny.cz/2016/12/26/ceske-orgie-v-byte/,"ČESKÉ ORGIE V BYTĚ",162,0%,file-oralni-sex-3.html
http://porny.cz/2016/12/20/sestrih-kurby-zen/,"SESTŘIH KUŘBY ŽEN",39,0%,file-oralni-sex-4.html
http://porny.cz/2016/12/16/jeji-kunda-bude-zatizena/,"JEJÍ KUNDA BUDE ZATÍŽENÁ",89,0%,file-oralni-sex-5.html
http://porny.cz/2016/12/13/cesky-casting-lucie-9217/,"ČESKÝ CASTING – LUCIE (9217)",205,0%,file-oralni-sex-6.html
http://porny.cz/2016/11/14/krasne-milenci-juliette-a-anneli-zhave-lesbicke-milovani/,"Krásné Milenci Juliette a Anneli žhavé lesbické milování",76,0%,file-oralni-sex-7.html
http://porny.cz/2016/11/08/potetovana-zena-v-nemocnici-suka-s-doktorem/,"Potetovaná žena v nemocnicí šuká s doktorem",53,0%,file-oralni-sex-8.html
http://porny.cz/2016/11/05/cernoska-pritelkyne-nasava-kohouta/,"ČERNOŠKA PŘÍTELKYNĚ NASÁVÁ KOHOUTA",60,0%,file-oralni-sex-9.html
http://porny.cz/2017/02/01/lily-a-ivy-jako-poprve/,"LILY A IVY – JAKO POPRVÉ",1,0%,file-romantika-1.html
http://porny.cz/2017/01/20/rychly-prachy-turistka-dostane-curaka-do-huby/,"RYCHLÝ PRACHY, TURISTKA DOSTANE ČURÁKA DO HUBY",21,0%,file-rychly-prachy-1.html
http://porny.cz/2016/11/12/ojel-turistku-za-prachy/,"ojel turistku za prachy",110,0%,file-rychly-prachy-2.html
http://porny.cz/2016/10/30/presvedcil-mladou-cubku-k-sexu/,"přesvědčil mladou čubku k sexu",505,0%,file-rychly-prachy-3.html
http://porny.cz/2017/01/31/holka-na-31-1-2017/,"HOLKA NA ÚTERÝ (31.1.2017)",5,100%,file-sexy-obrazky-1.html
http://porny.cz/2017/01/25/18-let-stara-brenda-se-sprchuje/,"18 let stará Brenda se sprchuje.",15,0%,file-skryta-kamera-1.html
http://porny.cz/2016/11/01/lesbicka-skryta-kamera-a-zabava-v-taxiku/,"lesbická skrytá kamera a zábava v taxíku",75,0%,file-skryta-kamera-2.html
http://porny.cz/2016/10/28/fake-taxi-brunetka-dam-dostane/,"Fake taxi, brunetka ho dam dostane",72,0%,file-skryta-kamera-3.html
http://porny.cz/2017/01/30/to-nejlepsi-z-mrdacek/,"TO NEJLEPŠÍ Z MRDAČEK",4,0%,file-skupinovy-sex-1.html
http://porny.cz/2016/12/12/plavani-bazen-orgie-na-v-cesku/,"PLAVÁNÍ-BAZÉN ORGIE NA V ČESKU",115,0%,file-skupinovy-sex-2.html
http://porny.cz/2017/01/20/starsi-pani-to-umi-s-dildem/,"STARŠÍ PANÍ TO UMÍ S DILDEM",27,0%,file-tluste-zeny-1.html
http://porny.cz/2017/01/06/transsexual-si-hraje-s-penisem/,"TRANSSEXUÁL SI HRAJE S PENISEM",28,0%,file-transsexualky-1.html
http://porny.cz/2016/12/18/typek-ojede-zenu-s-penisem/,"TÝPEK OJEDE ŽENU S PENISEM",43,0%,file-transsexualky-2.html
http://porny.cz/2016/11/05/brunetka-s-velkym-perem/,"BRUNETKA S VELKÝM PÉRÉM",73,0%,file-transsexualky-3.html
http://porny.cz/2017/01/30/to-nejlepsi-ze-sukacek-bum-bum/,"TO NEJLEPŠÍ ZE ŠUKAČEK BUM BUM",4,0%,file-trojice-1.html
http://porny.cz/2016/12/20/analni-sex-s-dvema-nadrzenyma-teenkama/,"ANÁLNÍ SEX S DVĚMA NADRŽENÝMA TEENKAMA",59,0%,file-trojice-2.html
http://porny.cz/2016/10/28/asiatka-si-rozda-se-dvema/,"ASIATKA SI TO ROZDÁ SE DVĚMA",67,0%,file-trojice-3.html
http://porny.cz/2017/02/01/modrooka-blondynka-a-jeji-buchticka/,"MODROOKÁ BLONDÝNKA A JEJÍ BUCHTIČKA",1,0%,file-velka-prsa-1.html
http://porny.cz/2017/01/08/blondynka-s-velkyma-kozama/,"BLONDÝNKA S VELKÝMA KOZAMA",71,0%,file-velka-prsa-2.html
http://porny.cz/2016/12/19/zena-si-narve-pivo-do-kundy/,"ŽENA SI NARVE PIVO DO KUNDY",71,0%,file-velka-prsa-3.html
http://porny.cz/2016/11/14/strycek-jeb-zabava-s-miss-sunshine/,"Strýček Jeb – Zábava S Miss Sunshine!",66,0%,file-velka-prsa-4.html
http://porny.cz/2016/10/28/prsata-latina-dostane-curaka/,"PRSATÁ LATINA DOSTANE ČURÁKA",64,0%,file-velka-prsa-5.html
http://porny.cz/2017/01/30/obrovske-cerne-penetrator-v-akci/,"OBROVSKÉ ČERNÉ PENETRATOR V AKCI",6,0%,file-velky-penis-1.html
http://porny.cz/2017/01/06/cizinka-v-cesku-nachytana-rychly-prachy/,"CIZINKA V ČESKU NACHYTÁNA – RYCHLÝ PRACHY",58,0%,file-velky-penis-2.html
http://porny.cz/2016/12/16/cernoch-ojede-belosku/,"ČERNOCH OJEDE BĚLOŠKU",64,0%,file-velky-penis-3.html
http://porny.cz/2016/11/06/rychly-prachy-zmate-turistku/,"Rychlý prachy, zmate turistku",118,0%,file-velky-penis-4.html
http://porny.cz/2017/01/25/moje-18-leta-pritelkyne-na-kamere/,"moje 18 letá přítelkyně na kameře",11,0%,file-webcam-1.html
http://porny.cz/2016/11/14/sexy-dospivajici-latina-s-rovnatky-masturbuje/,"Sexy Dospívající latina S Rovnátky Masturbuje",66,0%,file-webcam-2.html
http://porny.cz/2017/01/28/sexualne-zneuzijou-holku/,"SEXUÁLNĚ ZNEUŽIJOU HOLKU",6,0%,file-zrale-1.html
http://porny.cz/2016/12/15/gang-bang-cas-pro-vdane-maminy/,"GANG BANG ČAS PRO VDANÉ MAMINY",144,0%,file-zrale-2.html
http://porny.cz/2017/02/01/rusovlasa-divka-ma-arzenal-hracek/,"RUSOVLÁSÁ DÍVKA MÁ ARZENÁL HRAČEK",0,0%,file-zrzky-1.html
